[
    {"Task_ID":1,"TaskName":"FSSC","Parent_ID":null,"Project_Name":"JH","User_ID":1,"User_Name":"Ajaynath","Project_ID":1,"Priority":6,"Status":true,"Start_Date":"03/03/2017","End_Date":"12/12/2018"},
    {"Task_ID":2,"TaskName":"MLI","Parent_ID":null,"Project_Name":"Manulife","User_ID":2,"User_Name":"Sandeep","Project_ID":2,"Priority":4,"Status":true,"Start_Date":"01/01/2017","End_Date":"01/12/2018"},
    {"Task_ID":3,"TaskName":"FSSC Sub 1","Parent_ID":1,"Parent_Name":"FSSC","User_Name":"Manoj","User_ID":3,"Project_ID":1,"Project_Name":"JH","Priority":1,"Status":true,"Start_Date":"03/03/2017","End_Date":"12/12/2018"},
    {"Task_ID":4,"TaskName":"MLI Sub 2","Parent_ID":2,"Parent_Name":"MLI","User_Name":"Sabarinath","User_ID":4,"Project_ID":2,"Project_Name":"Manulife","Priority":2,"Status":true,"Start_Date":"01/01/2017","End_Date":"01/12/2018"},
    {"Task_ID":3,"TaskName":"FSSC Sub 2","Parent_ID":1,"Parent_Name":"FSSC","User_Name":"Athira","User_ID":5,"Project_ID":1,"Project_Name":"JH","Priority":1,"Status":false,"Start_Date":"03/03/2017","End_Date":"12/12/2018"}
   
]