[
    {"User_ID":1,"First_Name":"Ajaynath","Last_Name":"MS","Employee_ID":"357272"},
    {"User_ID":2,"First_Name":"Sandeep","Last_Name":"CN","Employee_ID":"357271"},
    {"User_ID":3,"First_Name":"Manoj","Last_Name":"Kumar","Employee_ID":"357273"},
    {"User_ID":4,"First_Name":"Sabarinath","Last_Name":"S","Employee_ID":"357274"},
    {"User_ID":5,"First_Name":"Athira","Last_Name":"Kumar","Employee_ID":"357275"},
    {"User_ID":6,"First_Name":"Sreejith","Last_Name":"M","Employee_ID":"357276"},
    {"User_ID":7,"First_Name":"Tinu","Last_Name":"M","Employee_ID":"357277"}

]